{
	"schemaVersion": 1,
	"id": "quickvillagers",
	"version": "${version}",
	"name": "quickVillagers",
	"description": "This is an example description! Tell everyone what your mod is about!",
	"authors": [
		"Me!"
	],
	"contact": {
		"homepage": "https://fabricmc.net/",
		"sources": "https://github.com/FabricMC/fabric-example-mod"
	},
	"license": "CC0-1.0",
	"icon": "assets/quickvillagers/icon.png",
	"environment": "*",
	"entrypoints": {
		"main": [
			{
				"value": "z3roco01.quickvillagers.QuickVillagers",
				"adapter": "kotlin"
			}
		],
		"client": [
			{
				"value": "z3roco01.quickvillagers.QuickVillagersClient",
				"adapter": "kotlin"
			}
		]
	},
	"mixins": [
		"quickvillagers.mixins.json",
		{
			"config": "quickvillagers.client.mixins.json",
			"environment": "client"
		}
	],
	"depends": {
		"fabricloader": ">=0.15.7",
		"minecraft": "~1.20.1",
		"java": ">=17",
		"fabric-api": "*",
		"fabric-language-kotlin": ">=1.9.23"
	},
	"suggests": {
		"another-mod": "*"
	}
}